highalfar->highaltar
nwwworld->newworld
testatrix->testatrix
cevtidae->cestidae
outagk->outage
jmmbled->jumbled
rutogeny->autogeny
barnuwl->barnowl
zurban->zurvan
fkrmksa->formosa
hoiest->honest
mmnmstry->ministry
kaffeyeh->kaffiyeh
flexrust->flaxrust
frumexty->frumenty
lazyzuzan->lazysusan
ziyher->zither
exuanse->expanse
meatpme->meatpie
plvmbovs->plumbous
fiitstall->footstall
mommering->doddering
virwinian->virginian
zarrazing->carracing
desiccate->desiccate
libsync->lipsync
cistaff->distaff
casuar->casual
zhrashouz->thrashout
sendjwjy->sendaway
hqdroid->hydroid
lzsander->lysander
tuhthhde->tuathade
soulness->sourness
segolilr->segolily
rorkofart->workofart
ralegt->ralegh
bnnking->booking
ddvotdd->devoted
kathektik->cathectic
lisloyal->disloyal
holonist->colonist
torridita->torridity
twiiter->twister
muitea->quitea
dcawout->drawout
patnonise->patronise
iibauba->imbauba
pttrltss->peerless
vomevelp->homehelp
winwelm->wingelm
promiaer->promiser
antinkde->antinode
oudster->oldster
whiphop->whiptop
allatonve->allatonce
oqtinato->ostinato
asfrology->astrology
repeal->repeal
wenwate->sensate
gryostat->cryostat
openpire->openfire
zakeduck->lakeduck
cafety->safety
portql->portal
kirchnlr->kirchner
deausive->delusive
flowyate->flowrate
pinker->sinker
loonose->lionise
tinion->minion
wrtstlet->wristlet
hrnshu->honshu
lincoln->lincoln
faggell->farrell
peelew->peeler
blngor->bangor
nyildown->naildown
eowilvon->eowilson
sieter->sifter
anatopist->anatomist
oinality->finality
santadruz->santacruz
whiuuu->whipup
nashhouse->washhouse
virulenay->virulency
cojntojt->countout
blubbel->blubber
shmsgsggs->shmegegge
jaiier->jailer
dispirit->dispirit
cusprice->cutprice
salvatixn->salvation
legislawe->legislate
brittpny->brittany
skblly->skilly
instiw->instil
headshif->headship
scholaply->scholarly
receptien->reception
forgivijg->forgiving
eoegete->exegete
coastwrse->coastwise
hezdpiece->headpiece
menottw->menotti
pincunuz->pincenez
ikkogic->illogic
attentet->attended
sbltbush->saltbush
banzrun->bankrun
hemiqg->heming
boxcaeera->boxcamera
oyabjn->oyabun
vevmis->vermis
locazion->location
zwiebacg->zwieback
untenabte->untenable
fuetoit->fueloil
naivenenn->naiveness
buyqood->buyfood
dbodorizb->deodorize
unfixqd->unfixed
aqagram->anagram
rrnfrngrs->urnfungus
lombromed->lowbrowed
atauism->atavism
upperfase->uppercase
arrivax->arrival
retrovkr->retrovir
jourish->nourish
coseos->cosmos
dossal->dossal
flqrry->flurry
outorkic->autarkic
kowrooz->nowrooz
thdrty->thirty
hggely->hugely
wondev->wonder
rpmbaud->rimbaud
unnqmed->unnamed
iooloff->cooloff
silkyflm->silkyelm
burring->burying
eterge->emerge
byhryns->behrens
tracjodon->trachodon
farazdole->farandole
dedthcup->deathcup
capoten->capoten
hbtlerban->hitlerian
alloyad->alloyed
grgwgk->arawak
lusozume->lysozyme
appoent->appoint
kelfabuke->selfabuse
masserful->masterful
tammness->tallness
iindof->kindof
ohscure->obscure
bumbmet->bulblet
outwafdly->outwardly
gripyack->gripsack
counshlor->counselor
cauteraot->cauterant
punjsh->punish
uummite->gummite
abscondeo->absconder
ivoryhill->ivorybill
dravidim->dravidic
upczst->upcast
amebeus->amebous
pettitory->pellitory
guerylla->guerilla
silver->silver
oldnorse->oldnorse
muezzin->muezzin
oralsoage->oralstage
cqtanddry->cutanddry
indorcer->indorser
linpopin->lincocin
adaptiok->adaption
pumpcin->pumpkin
nhnpershn->nonperson
sxuice->sluice
zzzmlens->zoomlens
hydtolyze->hydrolyze
yafnium->hafnium
eqstwind->eastwind
shabiah->shariah
agdeszis->agdestis
burltupon->burstupon
aoaaipop->lollipop
putqside->putaside
covenwnt->covenant
paraave->parkave
uddress->address
genustoa->genuspoa
cowwapse->collapse
ftyteaf->flyleaf
mificofju->miniconju
fpeegpace->freegrace
prostrjte->prostrate
sfuirt->squirt
charitw->charity
poordenil->poordevil
saobbish->snobbish
covbtous->covetous
nutlqke->nutlike
mtffit->maffia
flamenci->flamenco
buttermup->buttercup
taeanoir->tamanoir
jzmpzn->jampan
rkcrkatkd->recreated
disorisnt->disorient
stitdh->stitch
reshvvt->reshoot
defametre->dekametre
onthenoke->onthenose
risally->misally
kekeli->seseli
huffiuh->huffish
hemingwap->hemingway
pitotheax->pitothead
phptinia->photinia
ralius->radius
sumptuous->sumptuous
rluefunk->bluefunk
tossmr->tosser
layinc->laying
diggigg->digging
dojjed->dogged
pearzgray->pearlgray
carvvd->carved
verven->vervet
frjjhand->freehand
crowskzed->crowsized
vwvarwum->vivarium
popalheap->totalheat
afeajed->afeared
yireweed->fireweed
zelative->relative
oweetneoo->sweetness
riooer->rigger
tgetgefly->tzetzefly
spcncness->spininess
ladyzeel->ladypeel
cheseewey->chaseaway
yadarida->tadarida
verxer->verger
spqerule->spherule
davbesba->daviesia
oumour->humour
mileame->mileage
querfus->quercus
ioberup->soberup
backgand->backhand
favsrable->favorable
pittypat->pittypat
provern->provera
casljung->carljung
crhtchety->crotchety
skxmanual->sexmanual
syriaye->striate
depictipg->depicting
profounh->profound
sabdmab->sandman
hillmyna->hillmyna
succula->buccula
thepitj->thepits
oddfmaker->oddsmaker
sitwack->sitback
wnllworn->wellworn
oxhrart->oxheart
runarisv->runarisk
specious->specious
mummuthus->mammuthus
propmnml->propanal
overlakd->overland
albanbedg->albanberg
rnadrage->roadrage
cnpstone->capstone
oathoase->outhouse
bracvro->bracero
empolden->embolden
foredoom->foredoom
trinilban->trinilman
hcldfcrth->holdforth
zronzng->ironing
tamanack->tamarack
homlrangl->homerange
shrollong->shrilling
forgula->formula
kxrttikx->karttika
flashcr->flasher
idvedtiod->invention
anorthith->anorthite
jacubsrud->jacobsrod
coegobite->coenobite
sattatum->sabbatum
lighobeer->lightbeer
bacschat->backchat
synclrnal->synclinal
hoaropea->hoarypea
puayauong->playalong
lunchpun->linchpin
cdlibacy->celibacy
gveetev->greeter
tdvtnce->advance
cecrdpia->cecropia
multiplg->multiple
ezekids->ezekias
ifsitu->insitu
autotycy->autotypy
ovibod->ovibos
nadulase->nodulose
varsion->version
enboin->enjoin
hoyyle->hobble
rlgulatl->regulate
milhwhite->milkwhite
stgmate->stomate
jilmnoir->filmnoir
flaestone->flagstone
jolligess->jolliness
cjmjsh->camash
tqarshqqt->tearsheet
picoides->picoides
skllkr->seller
cabassdt->cabasset
marketcay->marketday
characiy->characid
bebalmed->becalmed
cromlsch->cromlech
curfosfty->curiosity
barbare->barbary
bnheeded->unheeded
foorsided->foursided
lestloom->restroom
supreme->supremo
sundeh->sundew
nsthatch->nuthatch
cnllins->collins
halloweeg->halloween
bogdmag->bondman
xowermost->lowermost
shetaand->shetland
floodoxt->floodout
scioridoe->sciaridae
konograph->sonograph
roguzsh->roguish
manifemto->manifesto
pxtprn->extern
ropeio->ropein
muwwein->mullein
inquime->inquire
zolzitis->bolbitis
whenle->whence
jicklish->ticklish
rfversfde->riverside
tumrover->tumpover
diovao->diovan
inneremr->innerear
alversary->adversary
octaso->octavo
baxany->barany
ifresh->afresh
hrjunh->arjuna
impulsiie->impulsive
micionoi->micronor
woodoulo->woodpulp
andowwan->andorran
isleofqan->isleofman
amiavle->amiable
texturer->textured
acuttntss->acuteness
disvup->dishup
smartbomb->smartbomb
yersit->yersin
subtxlxse->subtilise
ftreswear->foreswear
pellidle->pellicle
putupoq->putupon
inanon->ivanov
tkacing->tracing
oenushair->venushair
grvvgrvv->greegree
nsnechsic->nonechoic
plpudidpe->alaudidae
krukially->crucially
usdersigs->undersign
coipdetat->coupdetat
unlressel->undressed
bexxgxass->bellglass
aoicennia->avicennia
neukalgic->neuralgic
tfarful->tearful
yomali->somali
peanutnar->peanutbar
artihhery->artillery
stfamfr->steamer
lugwrenjh->lugwrench
poloshirm->poloshirt
rooetow->ropetow
zeesan->zeeman
zominie->dominie
dipalon->dipylon
charlqsi->charlesi
wbrkshirt->workshirt
chaygay->changan
iinance->finance
sorghzm->sorghum
nuffoon->buffoon
berein->berlin
bottver->bottler
spatfe->spathe
miningjee->miningbee
britstone->gritstone
sgftdiet->softdiet
vimento->pimento
duckboasd->duckboard
aftreonam->aztreonam
plusset->plummet
tractilm->tractile
guttable->cuttable
apapip->adapid
hoysedog->housedog
trxatoma->triatoma
sectbribn->sectarian
cannistjr->cannister
appraisor->appraiser
unleqrned->unlearned
ecmonton->edmonton
felodeae->felodese
uoochesia->urochesia
tutskirts->outskirts
sexualijy->sexuality
devorveon->devolveon
pupillery->pupillary
acrobateq->acrobates
mxrrigu->morrigu
maoinot->maginot
canarene->canarese
polypus->polypus
curdlh->curdle
olefije->olefine
pastiche->postiche
fdtcdt->fatcat
unpheared->unsheared
berutify->beautify
sanpaana->santaana
burntlcme->burntlime
tolchwood->touchwood
longlived->longlived
dexlator->deflator
spbpnit->subunit
jrgomjtjr->ergometer
bevelgead->bevelgear
depbrter->departer
titlex->titled
lnlemil->anaemia
qamlan->camlan
nichtine->nicotine
paioff->panoff
neareasg->neareast
gfficial->official
biebbed->blebbed
bloated->bloater
inflatg->inflate
ciccivace->tittivate
inamonato->inamorato
flashy->flashy
plvtonic->platonic
rentout->rentout
sualify->qualify
encauspic->encaustic
datriw->datril
mamurai->samurai
inscrige->inscribe
xutile->futile
betsoross->betsyross
wizarlry->wizardry
cawbonous->carbonous
bongrun->longrun
eyewnsh->eyewash
arandmal->grandmal
incurablo->incurable
capreolud->capreolus
hatlhet->hatchet
hadcrtme->hadcrime
epieate->epilate
kamzong->kampong
whorqson->whoreson
utrikko->utrillo
chehps->cheops
exceut->except
xiphiizae->xiphiidae
valdev->valdez
oocuorama->docudrama
raindrjp->raindrop
raisylike->daisylike
influente->influence
ashnin->ashbin
unuswablw->unuseable
uphocster->upholster
lodwinws->lodgings
glangow->glasgow
nvnrybit->everybit
bnnbrbor->annarbor
fernptlm->fernpalm
ratify->ratify
dustbmn->dustbin
cheerleau->cheerlead
peppycash->pettycash
agrigenko->agrigento
dudgnon->dudgeon
atttheway->alltheway
rhonbwinb->rhonewine
pbimus->primus
fumigpnt->fumigant
paradwse->paradise
suaroof->sunroof
escavp->escarp
nbnentity->nonentity
xntrxat->entreat
miodful->mindful
qignolia->pignolia
omewette->omelette
elevey->eleven
bnable->unable
uaseat->unsent
voyalize->vocalize
jomndavis->johndavis
hucatu->hecate
peppimand->reprimand
hypmrmmic->hyperemic
winepvlm->winepalm
pontezupa->montezuma
punisher->punished
fwanfdown->swansdown
cabinbpy->cabinboy
gewuslama->genuslama
bisteaed->bistered
cellajet->cellaret
yruyru->grugru
rkgweek->ragweek
skeptac->skeptic
ginful->binful
szorea->shorea
uouchbase->touchbase
vauven->tauten
htiquhtth->etiquette
ectotxerm->ectotherm
occypy->occupy
rouuenly->rottenly
brrravr->bereave
gealadder->sealadder
imogamy->isogamy
concnse->concise
beeeary->beggary
dfflatfd->deflated
chonagic->choragic
guissoche->guilloche
psurus->isurus
adbliiz->adblitz
eeaotter->seaotter
kacapple->kaiapple
yapapoto->yamamoto
telophase->telophase
zatalyze->catalyze
eparchtal->eparchial
sqalily->sealily
kystine->cystine
defier->denier
antacya->antalya
pabautea->pahautea
orbicusar->orbicular
tgrippt->agrippa
dandover->handover
hemolytkc->hemolytic
patriotix->patriotic
heonia->hernia
haoftitoe->halftitle
tamponagp->tamponage
wellget->wellset
zefilling->refilling
quadraqt->quadrant
grubstkke->grubstake
contkmn->contemn
wedonda->redonda
tossaeay->tossaway
chlhradan->coloradan
latins->matins
ccclant->coolant
floatet->floater
sxengun->stengun
omteoma->osteoma
royajist->royalist
inhxmane->inhumane
souvenbr->souvenir
chequered->chequered
massunix->massunit
crnceit->conceit
cazzeze->carrere
zturdily->sturdily
smoothle->smoothly
fvndvr->fender
ltuktmia->leukemia
samoel->samuel
dsdalness->usualness
stleak->streak
drysis->drypis
ewlithic->eolithic
siiver->shiver
nigehha->nigella
pisson->piston
septupce->septuple
tyadey->trader
sergpe->serape
keconvict->reconvict
alpair->aupair
colonxal->colonial
godchzld->godchild
connivinr->conniving
engroii->engross
sabbat->sabbat
caporetto->caporetto
bumboil->gumboil
tablgid->tabloid
monasrery->monastery
myxovigus->myxovirus
bncyclnc->bicyclic
bnbnbibm->ununbium
fortlacy->fortlamy
emsayment->embayment
bonmpaper->bondpaper
plearance->pleasance
sunisian->tunisian
dijjected->dissected
phoanix->phoenix
galley->galley
kitchmnmr->kitchener
sherbem->sherbet
fastuning->fastening
datarink->datalink
beoverrot->beaverrat
limedrafl->timedraft
smallceer->smallbeer
newyoxkex->newyorker
deihaag->denhaag
xhopstixk->chopstick
bukharjn->bukharin
vmrimnce->variance
oumpsugar->lumpsugar
shyness->shyness
commozore->commodore
elknvitkl->elanvital
anjedonia->anhedonia
wrolog->prolog
herbariuo->herbarium
epidurap->epidural
puscule->pustule
bileacil->bileacid
oncosoon->incision
poultry->poultry
bipedcl->bipedal
humlinu->hemline
cisposec->disposed
cbbalt->cobalt
tanvible->tangible
wourdirg->wounding
thicyhead->thickhead
akternoon->afternoon
herpemtem->herpestes
elaphwrws->elaphurus
mlsotron->mesotron
freeworrd->freeworld
lowlinhss->lowliness
clikked->clipped
stumatal->stomatal
shoringsp->shoringup
mufmit->aufait
stecotic->stenotic
colored->colored
preamlanp->dreamland
whitlzw->whitlow
jirddog->birddog
vezezia->venezia
hoopaxh->hoopash
chafaea->chamaea
cactaway->castaway
pertse->peruse
eaternal->paternal
oaltimore->baltimore
fladcoad->flatcoat
kkunkbear->skunkbear
bythvbyv->bythebye
wabing->waving
itdocit->indocin
luscvnva->luscinia
vzlcan->vulcan
hereunier->hereunder
charfna->charina
jaunhycar->jauntycar
redshsft->redshift
facetmme->facetime
ibboral->immoral
impurity->impurity
bootsole->bootsale
iecium->aecium
blamed->blamed
litterqug->litterbug
ketorolac->ketorolac
xbrorivxr->ebroriver
mollth->mollah
farmctead->farmstead
maloemer->maldemer
xameplan->gameplan
oswine->oscine
airgnit->airunit
chlycine->calycine
camdboamd->cardboard
chermicae->chermidae
hadead->hadean
melasoma->melanoma
plethodon->plethodon
sactrush->saltrush
rorking->working
tenacixus->tenacious
colocuts->coldcuts
obdurary->obduracy
gallzly->gallfly
anoxnc->anoxic
partip->kartik
orachq->orache
cclvcdos->calvados
headyoard->headboard
swaker->shaker
uncouthiy->uncouthly
hippvd->hipped
botboy->batboy
mirulent->virulent
heaqhome->headhome
bloodrcd->bloodred
endosferm->endosperm
aodypaint->bodypaint
bzldam->beldam
pownbounp->downbound
mudstair->mudstain
busnier->bustier
evocation->evocation
dagbook->daybook
lenear->linear
grhgarinh->gregarine
foslury->fosbury
noeicer->noticer
chmpare->compare
farragwt->farragut
winslvw->winslow
duagabunt->dragabunt
caliper->caliper
muhajjam->muharram
octwne->octane
maneoot->manroot
bounuoff->boundoff
deshonour->dishonour
lapwing->lapwing
racinbbib->racinggig
bylaria->xylaria
nicandla->nicandra
ypotjam->spotjam
rrmanism->romanism
aindaus->windaus
iseuht->iseult
repulze->repulse
ckmkrillk->camarilla
dollier->dossier
cridkle->crinkle
lphonil->aphonia
timueu->timucu
monicheon->manichean
lakyurmia->lakeurmia
mistakihg->mistaking
ycarify->scarify
niwmegen->nijmegen
slothbsar->slothbear
herdseuce->hardsauce
inwarps->inwards
curatcve->curative
lwrwope->liriope
buqoliq->bucolic
fouvth->fourth
deodtube->neontube
direcul->direful
asimida->asimina
mjddle->middle
roykmaple->rockmaple
atlasmoth->atlasmoth
aughthc->augitic
lechetous->lecherous
smashgng->smashing
slmgcode->slagcode
boldpess->boldness
wovkman->workman
cordaitcs->cordaites
mearstone->mearstone
ternwry->ternary
srckle->suckle
prpmpdone->primidone
symbolsc->symbolic
interool->interpol
slmvenija->slovenija
strike->stride
termahant->termagant
qngotqron->ingotiron
spodumwnw->spodumene
trowup->growup
ovzrbitz->overbite
rallup->ballup
rgmslggp->remsleep
reyiyter->resister
peaecypod->pelecypod
kijkbajk->kickback
coonjie->coontie
pyogenif->pyogenic
igtroduce->introduce
caxpchair->campchair
coeveeieg->convening
softrn->soften
restvtute->restitute
invaauo->invacuo
musicaq->musical
beadpng->beading
musctt->muscat
pnpclisis->anaclisis
jewseabs->jewsears
rtbury->rebury
hdhxihl->adaxial
cirnwall->cornwall
nomxdic->nomadic
hruhhful->truthful
gcorgci->georgei
ticrtacr->ticktack
bundried->sundried
estanian->estonian
caqqery->cannery
groonfrog->greenfrog
secjetly->secretly
yisraet->yisrael
zeeplaiz->deeplaid
brijschi->brioschi
obulliont->ebullient
prexcher->preacher
yberyan->iberian
ddsosmia->dysosmia
zroodmare->broodmare
kennel->kennel
redbrnwn->redbrown
gypsyworz->gypsywort
leagin->reagin
confeeeee->conferrer
childbrd->childbed
jupgty->jupaty
lilyltem->sisystem
eidnap->kidnap
encirclex->encircled
exemylify->exemplify
ineersely->inversely
dgdldctid->agalactia
theremin->theremin
armoirr->armoire
chigok->chigoe
verdandx->verdandi
turndotn->turndown
hamattor->hamactor
rrbberise->rubberise
dampened->dampener
tybaroot->tubaroot
naumacyia->naumachia
bearqsh->bearish
invalucre->involucre
antldrdd->antlered
rvvening->ravening
windbreay->windbreak
gofikh->gofish
poetly->poetry
encemical->endemical
bolsjer->bolster
mabist->maoist
clemeptxi->clementxi
uestday->restday
dlawlein->drawrein
eemiss->remiss
luditn->ludian
smslltown->smalltown
decaketre->decametre
whiqsey->whimsey
skiplfne->skiplane
gloomilb->gloomily
knoobond->kneebend
aeflis->aeolis
qiggings->diggings
gaadturn->goodturn
tightrcpe->tightrope
iirrored->mirrored
funnila->funnily
ambrosiaa->ambrosial
iinoriode->minormode
wecula->fecula
germynist->germanist
paytry->pastry
daeamea->dreamer
fuslcsll->fuelcell
vneezing->sneezing
spissway->spillway
crroung->cyyoung
bightup->lightup
bubaling->bubaline
fontannk->fontanne
mirmhless->mirthless
sansfish->sandfish
tauper->tamper
ekiolaked->etiolated
gltmpse->glimpse
fqulmart->foulmart
serrahia->serratia
analozed->analyzed
vplazqupz->velazquez
precsvs->precava
patrosman->patrolman
fattejed->fattened
declone->decline
tmmtmr->teeter
antitype->antitype
fancyfcee->fancyfree
dominicsl->dominical
selfprije->selfpride
hutrud->hotrod
plopkoff->clockoff
cojrtly->courtly
smooohouo->smoothout
cournelle->courtelle
assorthd->assorted
svtpivcv->setpiece
cfnellf->canella
cllansl->cleanse
brbiding->braiding
leasee->leased
guiltpagg->guiltpang
glooyfeon->gloryfern
foreuell->foretell
auatral->austral
broxic->bromic
brffmpalm->broompalm
adromion->acromion
exodas->exodus
virogo->virago
seatuitle->seaturtle
vesiculor->vesicular
sarotonin->serotonin
waggirh->waggish
cramjoon->crampoon
jessyross->jellyroll
alltrme->alltime
cdolatry->idolatry
dubqiner->dubliner
bychaace->bychance
lisbob->lisbon
jottgng->jotting
monibory->monitory
rachet->rachet
bemhuana->bechuana
sihverage->silverage
shirrihg->shirring
prilary->primary
baleea->baleen
dxscredxt->discredit
towboht->towboat
astraddle->astraddle
attaiider->attainder
qunchbowl->punchbowl
geopgette->georgette
gangtter->gangster
biflihefp->bimlihemp
halfbfak->halfbeak
chetqh->chetah
whirefir->whitefir
lamnably->damnably
prionate->prionace
heliezean->heliozoan
stiombus->strombus
usthusis->esthesis
eashflow->cashflow
fruivlev->fruitlet
kezelkum->kyzylkum
vnidely->snidely
phzase->phrase
avaviba->arariba
cwnnwlly->connolly
grounthog->groundhog
